id,title,rating,rating_count,cat,phone,email,country,state,city,sub,address,site
10000001,"Brooklyn Auto Locksmith",,,9958,"+1 929-273-0799",autolocksmithbrooklyn@gmail.com,222,3946,10580,9959,,http://brooklynautolocksmith.com/
10000002,"Car Key King","4,4",,9958,"+1 516-243-7479",info@carkeyking.com,222,3946,10580,9959,"11 Sheer Plaza #2, Plainview, NY 11803, United States",http://www.carkeyking.com/
10000003,"PAYLESS CAR KEYS CORP.",5,,9958,"+1 718-907-3000",sales@paylesscarkeys.com,222,3946,10580,9959,"2035 Victory Blvd, Staten Island, NY 10314, United States",http://paylesscarkeys.com/
10000004,"Car Keys New York","4,9",,9958,"+1 917-475-0707",keys@carkeysny.com,222,3946,10580,9959,,http://www.carkeysny.com/
10000005,"Mr. Locks Locksmith & Security","4,7",,9958,"+1 212-586-3234",info@mr-locks.com,222,3946,10580,9959,"400 2nd Ave, New York, NY 10010, United States",http://www.mr-locks.com/
10000006,"System Addicts","4,6",,9958,"+1 973-399-8080",info@systemaddicts.com,222,3946,10580,9959,"727 Lyons Ave, Irvington, NJ 07111, United States",http://www.systemaddicts.com/
10000007,"Locksmith Queens mobi","4,9",,9958,"+1 718-404-4145",locksmithqueens.mobi@gmail.com,222,3946,10580,9959,,http://www.locksmithqueens.mobi/
10000008,"Armor Locksmith & Security","4,6",,9958,"+1 718-445-9200",armorlocksmithny@gmail.com,222,3946,10580,9959,"65-02 164th St, Fresh Meadows, NY 11365, United States",http://armorlocksmithny.com/
10000009,"Artie's Locksmith NYC","4,7",,9958,"+1 212-243-0381",info@locksmithnyc.com,222,3946,10580,9959,"223 W 14th St, New York, NY 10011, United States",https://www.locksmithnyc.com/
10000010,"Keyworld Locksmith","4,2",,9958,"+1 908-527-9696",fernando@keyworldlocksmith.com,222,3946,10580,9959,"574 1st Ave, Elizabethport, NJ 07206, United States",http://www.keyworldlocksmith.com/
10000011,"Key Star Locksmith","4,9",,9958,"+1 516-487-0479",locksmithcarkeys@live.com,222,3946,10580,9959,"155a Northern Blvd, Great Neck, NY 11021, United States",http://keystarlocksmith.com/
10000012,"Pop-A-Lock Locksmith of Westchester NY","4,9",,9958,"+1 914-251-9725",web@blackhawkdm.com,222,3946,10580,9959,"777 Westchester Ave #101b, White Plains, NY 10604, United States",http://www.popalock.com/franchise/westchester-ny/locksmith-home
10000013,"All Baychester Locksmiths","4,3",,9958,"+1 718-654-4441",baychesterlock@yahoo.com,222,3946,10580,9959,"3531 Boston Rd, The Bronx, NY 10469, United States",http://www.baychesterlocksmith.com/
10000014,"VIP Locksmith Services","3,9",,9958,"+1 800-398-9830",viplocks@mail.com,222,3946,10580,9959,,http://www.vip-locks.com/
10000015,"Pop-A-Lock Hudson County","4,9",,9958,"+1 201-492-6896",web@blackhawkdm.com,222,3946,10580,9959,"309 Park St, Montclair, NJ 07043, United States",http://www.popalock.com/franchise/hudson-county-nj/locksmith-home
10000016,"J. Stein Locksmith","4,7",,9958,"+1 718-523-5425",jsteinlock@aol.com,222,3946,10580,9959,"89-66 162nd St, Jamaica, NY 11432, United States",http://www.jsteinlock.com/
10000017,"All Day And Night Locksmith","3,6",,9958,"+1 718-848-1100",247locksmithnyc@gmail.com,222,3946,10580,9959,"103-31 Woodhaven Blvd, Ozone Park, NY 11417, United States",http://www.alldayandnightlocksmith.com/
10000018,"Pop-A-Lock Passaic County","4,8",,9958,"+1 973-937-7992",web@blackhawkdm.com,222,3946,10580,9959,,http://www.popalock.com/franchise/passaic-county-nj/locksmith-home
10000019,"All United Locksmith","4,7",,9958,"+1 203-941-6329",allunitedlocks@gmail.com,222,3946,10580,9959,"1266 E Main St #700r, Stamford, CT 06902, United States",https://allunitedlocksmithct.com/#utm_source=google&utm_medium=organic&utm_campaign=gmb_stamford
10000020,"Pop-A-Lock Union County","4,8",,9958,"+1 908-527-0122",web@blackhawkdm.com,222,3946,10580,9959,,http://www.popalock.com/franchise/union-county-nj/locksmith-home
10000021,"Pop-A-Lock Essex County","4,7",,9958,"+1 973-797-9318",web@blackhawkdm.com,222,3914,7761,9960,,http://www.popalock.com/franchise/essex-county-nj/locksmith-home
10000022,"Yankee's Locksmith","4,8",,9958,"+1 718-431-8080",info@yankeeslocksmith.com,222,3914,7761,9960,"6400 Bay Pkwy, Brooklyn, NY 11204, United States",http://www.yankeeslocksmith.com/
10000023,"Grig Pet Care","4,1",,9971,"95 162 437 479",grig@masterhand.pro,10,153,348,10132,"34 Amiryan St, Yerevan 0010, Armenia",http://www.hotelgrig.am
10000024,"Fortuna Pet Care",5,,9971,"374 10-270077",fortuna@masterhand.pro,10,153,348,10132,"87 Ghazar Parpetsi St, Yerevan, Armenia",http://fortunahome.am
10000025,"Aram Movers","3,9",,9968,"3 743 473 039",aram@masterhand.pro;prozz@masterhand.pro;m2@marat.ua,10,157,353,10080,"2 Gyulbenkyan St, Yerevan 0019, Armenia",http://www.armbose.com
10000026,"Atlas Construction","3,9",,9965,"3 743 473 039",atlas@masterhand.pro;proa@masterhand.pro;probb@masterhand.pro,1,11,14,9993,"2 Gyulbenkyan St, Lashkar Gah, Helmand, Afganistan",http://www.armbose.com
10000027,"BigAg Builders",5,,9965,"471 8-619-414",bagram@masterhand.pro,1,11,14,9993,"16 Ghazar Parpetsi St, Lashkar Gah, Helmand, Afganistan",http://www.bshin.am
10000028,"Clodd Fashion","4,7",,9967,"45 929-273-07",conte@masterhand.pro,1,11,14,10045,"30 Marshal Baghramyan Ave, Lashkar Gah, Helmand, Afganistan",http://www.conte.am
10000029,"Gloria Barbers","4,4",,9967,"95 162 437 479",grig@masterhand.pro,1,19,23,10040,"34 Amiryan St, Kondoz, Afganistan",http://www.hotelgrig.am
10000030,"Fort River Landscape",5,,9970,"374 10-270077",fortuna@masterhand.pro,1,19,23,10114,"87 Ghazar Parpetsi St, Kondoz,Afganistan",http://fortunahome.am
10000031,"QQQ Drain Cleaners","3,1",,9965,"067 718-619-8888",emtlocksmith@gmail.com,2,35,43,9985,"56 Three Pines street, Corovode, Albania",https://www.emtlocksmith.com/
10000032,"Agostino Quality Carpentry","4,6",,9970,"+1 206-533-1122",prox@masterhand.pro,1,11,14,10110,"2 Gyulbenkyan St, Lashkar Gah, Helmand, Afganistan",http://www.kaleidoscopeinc.net/
10000033,"Oriens Living","4,3",,9970,"+1 206-543-8800",projj@masterhand.pro,1,11,14,10110,"16 Ghazar Parpetsi St, Lashkar Gah, Helmand, Afganistan",https://botanicgardens.uw.edu/washington-park-arboretum/
10000034,"Kabul City District Council","4,3",,9970,,proz@masterhand.pro,1,11,14,10110,"30 Marshal Baghramyan Ave, Lashkar Gah, Helmand, Afganistan",https://marymoorgarden.org/
10000035,"Kabul District Council-Carpenters",,,9970,"+1 206-226-3590",prodq@masterhand.pro,1,11,14,10110,"34 Amiryan St, Kondoz, Afganistan",http://blueberryseniorcare.com/
10000036,"Kabul Labor Technical College","4,3",,9970,"+1 206-498-8785",prodd@masterhand.pro,1,11,14,10110,"87 Ghazar Parpetsi St, Kondoz,Afganistan",https://hg-organics.com/
10000037,"Dimensions Reiki LLC",5,,9970,"+1 425-739-8279",prok@masterhand.pro,1,11,14,10110,"3 Gyulbenkyan St, Lashkar Gah, Helmand, Afganistan",https://www.lwtech.edu/academics/environmental-horticulture/
10000038,"Kabul Design + Build","4,7",,9970,"+1 206-595-2793",prox@masterhand.pro,1,11,14,10110,"17 Ghazar Parpetsi St, Lashkar Gah, Helmand, Afganistan",http://www.zookandolesongardening.com/
10000039,"Ahmed the Builder",5,,9970,"+1 425-823-0410",projj@masterhand.pro,1,11,14,10110,"31 Marshal Baghramyan Ave, Lashkar Gah, Helmand, Afganistan",http://gardensatjuanitabay.com/
10000040,"Mazari Carpenter Contractor",4,,9970,"+1 206-294-3953",proz@masterhand.pro,1,11,14,10110,"35 Amiryan St, Kondoz, Afganistan",https://columbia-garden-at-rainier-court.business.site/?utm_source=gmb&utm_medium=referral
10000041,"Complete Carpentry","3,9",,9970,"+1 425-644-6427",prodq@masterhand.pro,1,11,14,10110,"88 Ghazar Parpetsi St, Kondoz,Afganistan",http://www.berkeysupply.com/
10000042,"Heights Carpenters Shop Inc","4,2",,9970,"+1 206-842-8959",prodd@masterhand.pro,1,11,14,10110,"4 Gyulbenkyan St, Lashkar Gah, Helmand, Afganistan",http://hollylanegardens.com/
10000043,"The Carpenters Touch","4,9",,9970,"+1 206-729-0399",prok@masterhand.pro,1,11,14,10110,"18 Ghazar Parpetsi St, Lashkar Gah, Helmand, Afganistan",http://www.tccbgg.com/
10000044,"Karen Carpenter",5,,9970,"+1 206-543-0415",prox@masterhand.pro,1,11,14,10110,"32 Marshal Baghramyan Ave, Lashkar Gah, Helmand, Afganistan",https://depts.washington.edu/hortlib
10000045,"Burns Brothers",5,,9970,"+1 206-226-3590",projj@masterhand.pro,1,11,14,10110,"36 Amiryan St, Kondoz, Afganistan",http://blueberryseniorcare.com/
10000046,"Herat Carpenter + Mason","4,1",,9970,"+1 206-543-8616",proz@masterhand.pro,1,19,23,10110,"89 Ghazar Parpetsi St, Kondoz,Afganistan",https://botanicgardens.uw.edu/washington-park-arboretum/gardens/pacific-connections-garden/
10000047,"Cardone Custom Builders",4,,9970,"+1 425-452-2750",prodq@masterhand.pro,1,19,23,10110,"5 Gyulbenkyan St, Lashkar Gah, Helmand, Afganistan",https://bellevuebotanical.org/
10000048,"Innovative Carpentry","2,9",,9970,"+1 206-463-0031",prodd@masterhand.pro,1,19,23,10110,"19 Ghazar Parpetsi St, Lashkar Gah, Helmand, Afganistan",http://mukaifarmandgarden.org/
10000049,"Kabul APPLE BOXES","3,5",,9970,"+1 425-455-8590",prok@masterhand.pro,1,19,23,10111,"33 Marshal Baghramyan Ave, Lashkar Gah, Helmand, Afganistan",https://www.maxcleanpnw.com/
10000050,"Tico's Carpentry Co",5,,9970,"+1 425-776-0884",prox@masterhand.pro,1,19,23,10111,"37 Amiryan St, Kondoz, Afganistan",http://www.gutterking.com/
10000051,Jacobgreg,"3,2",,9970,"+1 206-898-8408",projj@masterhand.pro,1,19,23,10111,"90 Ghazar Parpetsi St, Kondoz,Afganistan",https://amigogutters.com/
10000052,"Peshawar Design and Construction",5,,9970,"+1 206-898-8408",proz@masterhand.pro,1,19,23,10111,"6 Gyulbenkyan St, Lashkar Gah, Helmand, Afganistan",https://www.amigogutters.com/
10000053,"Laiki Home Remodeling",5,,9970,"+1 425-449-6622",prodq@masterhand.pro,1,19,23,10111,"20 Ghazar Parpetsi St, Lashkar Gah, Helmand, Afganistan",https://www.highpointgutter.com/
10000054,"K & R Master Carpentry",5,,9970,"+1 206-629-6118",prodd@masterhand.pro,1,19,23,10111,"34 Marshal Baghramyan Ave, Lashkar Gah, Helmand, Afganistan",https://www.glassmasterswindowcleaning.com/
10000055,"Sunny Woodwork; Inc.",5,,9970,"+1 206-842-7575",prok@masterhand.pro,1,19,23,10111,"38 Amiryan St, Kondoz, Afganistan",https://www.kitsapgutters.com/
10000056,"Queens Auto Locksmith","3,9",,9959,"+1 347-774-3039",queensautolock@gmail.com,222,3946,10580,,"42-40 Bell Blvd #226, Bayside, NY 11361, United States",http://queensautolocksmith.com/
10000057,"EMT Locks - Auto Locksmith",5,,9959,"+1 718-619-4147",emtlocksmith@gmail.com,222,3946,10580,,,https://www.emtlocksmith.com/
10000058,"ABC Door Repair","4,5",,9959,1-679-273-799,masterhand.pro@gmail.com,222,3946,10580,,"35 Portland street, New York, United States",
100888,"ABC Door Repair","4,5",,9959,1-679-273-799,masterhand.pro@gmail.com,222,3946,10580,,"35 Portland street, New York, United States",
,"ABC Door Repair","4,5",,9959,1-679-273-799,masterhand.pro@gmail.com,222,3946,10580,,"35 Portland street, New York, United States",
