ID;Title;Content;Excerpt;Date;"Post Type";Permalink;"Image URL";"Image Title";"Image Caption";"Image Description";"Image Alt Text";"Image Featured";"Attachment URL";_wp_page_template;raiting;cat;phone;email;country;state;city;sub;adress;site;_aioseop_opengraph_settings;_wp_desired_post_slug;Status;"Author ID";"Author Username";"Author Email";"Author First Name";"Author Last Name";Slug;Format;Template;Parent;"Parent Slug";Order;"Comment Status";"Ping Status";"Post Modified Date";"banner picture";"Banner heading";"description banner";"Top FAQ title";"Top FAQ list";"Plenty jobs header";"Plenty jobs text";"Text left side";"Sign up header";"Sign up text";"Text right side - header";"Text right side - about deals and so on";"Sign up bottom header";"Sign up bottom text";"Plenty jobs header";"Plenty jobs text";"Text left side";"First image";"Second image";"Sign up header";"Sign up text";"Text right side - header";"Text right side - about deals and so on";"Sign up bottom header";"Sign up bottom text";"company in country";"Special header - blue (first-header before text)";"Header - about email block";"Text - about email block";"Header - about social network block";"Text - about social network block";"Header - about posters block";"Text - about posters block";"Category 1 in blog";"Category 2 in blog";"Category 3 in blog";"Category 4 in blog";"Tip1 - Non Pro User";"Tip2 - Keep at the top";"Tip3 - Highlight the project";"Tip4 - Mark as Urgent";"Tip5 - Mark as Hidden";"About rating";"About payment code";"Rating score";"Rating stars number";"Plenty jobs header";"Plenty jobs text";"Text left side";"First image";"Second image";"Sign up header";"Sign up text";"Text right side - header";"Text right side - about deals and so on";"Sign up bottom header";"Sign up bottom text";"Plenty jobs header";"Plenty jobs text";"Text left side";"First image";"Second image";"Sign up header";"Sign up text";"Text right side - header";"Text right side - about deals and so on";"Sign up bottom header";"Sign up bottom text";"Текст для профессионалов";"Show on home?";"Show on profile page?";Icon;"Country in which search profiles";"Baner title";"Baner image";"Baner text"
6780;"Brooklyn Auto Locksmith";;;"2020-03-26 11:18:06";company;https://www.masterhand.pro/company/brooklyn-auto-locksmith/;;;;;;;;default;;9958;"+1 929-273-0799";autolocksmithbrooklyn@gmail.com;222;3946;10580;9959;;http://brooklynautolocksmith.com/;;;publish;124;alexey_marat;lazkris135@gmail.com;alexey_marat;alexey_marat;brooklyn-auto-locksmith;;default;0;0;0;open;open;"2020-03-26 11:18:06";;;;;;;;;;;;;;;;;;;;;;;;;;;;;;;;;;;;;;;;;;;;;;;;;;;;;;;;;;;;;;;;;;;;;;;;;;;;
6781;"Car Key King";;;"2020-03-26 11:18:06";company;https://www.masterhand.pro/company/car-key-king/;;;;;;;;default;"4;4";9958;"+1 516-243-7479";info@carkeyking.com;222;3946;10580;9959;"11 Sheer Plaza #2; Plainview; NY 11803; United States";http://www.carkeyking.com/;;;publish;124;alexey_marat;lazkris135@gmail.com;alexey_marat;alexey_marat;car-key-king;;default;0;0;0;open;open;"2020-03-26 11:18:06";;;;;;;;;;;;;;;;;;;;;;;;;;;;;;;;;;;;;;;;;;;;;;;;;;;;;;;;;;;;;;;;;;;;;;;;;;;;
6782;"PAYLESS CAR KEYS CORP.";;;"2020-03-26 11:18:06";company;https://www.masterhand.pro/company/payless-car-keys-corp/;;;;;;;;default;5;9958;"+1 718-907-3000";sales@paylesscarkeys.com;222;3946;10580;9959;"2035 Victory Blvd; Staten Island; NY 10314; United States";http://paylesscarkeys.com/;;;publish;124;alexey_marat;lazkris135@gmail.com;alexey_marat;alexey_marat;payless-car-keys-corp;;default;0;0;0;open;open;"2020-03-26 11:18:06";;;;;;;;;;;;;;;;;;;;;;;;;;;;;;;;;;;;;;;;;;;;;;;;;;;;;;;;;;;;;;;;;;;;;;;;;;;;
6783;"Car Keys New York";;;"2020-03-26 11:18:06";company;https://www.masterhand.pro/company/car-keys-new-york/;;;;;;;;default;"4;9";9958;"+1 917-475-0707";keys@carkeysny.com;222;3946;10580;9959;;http://www.carkeysny.com/;;;publish;124;alexey_marat;lazkris135@gmail.com;alexey_marat;alexey_marat;car-keys-new-york;;default;0;0;0;open;open;"2020-03-26 11:18:06";;;;;;;;;;;;;;;;;;;;;;;;;;;;;;;;;;;;;;;;;;;;;;;;;;;;;;;;;;;;;;;;;;;;;;;;;;;;
6784;"Mr. Locks Locksmith & Security";;;"2020-03-26 11:18:06";company;https://www.masterhand.pro/company/mr-locks-locksmith-security/;;;;;;;;default;"4;7";9958;"+1 212-586-3234";info@mr-locks.com;222;3946;10580;9959;"400 2nd Ave; New York; NY 10010; United States";http://www.mr-locks.com/;;;publish;124;alexey_marat;lazkris135@gmail.com;alexey_marat;alexey_marat;mr-locks-locksmith-security;;default;0;0;0;open;open;"2020-03-26 11:18:06";;;;;;;;;;;;;;;;;;;;;;;;;;;;;;;;;;;;;;;;;;;;;;;;;;;;;;;;;;;;;;;;;;;;;;;;;;;;
6785;"System Addicts";;;"2020-03-26 11:18:06";company;https://www.masterhand.pro/company/system-addicts/;;;;;;;;default;"4;6";9958;"+1 973-399-8080";info@systemaddicts.com;222;3946;10580;9959;"727 Lyons Ave; Irvington; NJ 07111; United States";http://www.systemaddicts.com/;;;publish;124;alexey_marat;lazkris135@gmail.com;alexey_marat;alexey_marat;system-addicts;;default;0;0;0;open;open;"2020-03-26 11:18:06";;;;;;;;;;;;;;;;;;;;;;;;;;;;;;;;;;;;;;;;;;;;;;;;;;;;;;;;;;;;;;;;;;;;;;;;;;;;
6786;"Locksmith Queens mobi";;;"2020-03-26 11:18:06";company;https://www.masterhand.pro/company/locksmith-queens-mobi/;;;;;;;;default;"4;9";9958;"+1 718-404-4145";locksmithqueens.mobi@gmail.com;222;3946;10580;9959;;http://www.locksmithqueens.mobi/;;;publish;124;alexey_marat;lazkris135@gmail.com;alexey_marat;alexey_marat;locksmith-queens-mobi;;default;0;0;0;open;open;"2020-03-26 11:18:06";;;;;;;;;;;;;;;;;;;;;;;;;;;;;;;;;;;;;;;;;;;;;;;;;;;;;;;;;;;;;;;;;;;;;;;;;;;;
6787;"Armor Locksmith & Security";;;"2020-03-26 11:18:06";company;https://www.masterhand.pro/company/armor-locksmith-security/;;;;;;;;default;"4;6";9958;"+1 718-445-9200";armorlocksmithny@gmail.com;222;3946;10580;9959;"65-02 164th St; Fresh Meadows; NY 11365; United States";http://armorlocksmithny.com/;;;publish;124;alexey_marat;lazkris135@gmail.com;alexey_marat;alexey_marat;armor-locksmith-security;;default;0;0;0;open;open;"2020-03-26 11:18:06";;;;;;;;;;;;;;;;;;;;;;;;;;;;;;;;;;;;;;;;;;;;;;;;;;;;;;;;;;;;;;;;;;;;;;;;;;;;
6788;"Artie's Locksmith NYC";;;"2020-03-26 11:18:06";company;https://www.masterhand.pro/company/arties-locksmith-nyc/;;;;;;;;default;"4;7";9958;"+1 212-243-0381";info@locksmithnyc.com;222;3946;10580;9959;"223 W 14th St; New York; NY 10011; United States";https://www.locksmithnyc.com/;;;publish;124;alexey_marat;lazkris135@gmail.com;alexey_marat;alexey_marat;arties-locksmith-nyc;;default;0;0;0;open;open;"2020-03-26 11:18:06";;;;;;;;;;;;;;;;;;;;;;;;;;;;;;;;;;;;;;;;;;;;;;;;;;;;;;;;;;;;;;;;;;;;;;;;;;;;
6789;"Keyworld Locksmith";;;"2020-03-26 11:18:06";company;https://www.masterhand.pro/company/keyworld-locksmith/;;;;;;;;default;"4;2";9958;"+1 908-527-9696";fernando@keyworldlocksmith.com;222;3946;10580;9959;"574 1st Ave; Elizabethport; NJ 07206; United States";http://www.keyworldlocksmith.com/;;;publish;124;alexey_marat;lazkris135@gmail.com;alexey_marat;alexey_marat;keyworld-locksmith;;default;0;0;0;open;open;"2020-03-26 11:18:06";;;;;;;;;;;;;;;;;;;;;;;;;;;;;;;;;;;;;;;;;;;;;;;;;;;;;;;;;;;;;;;;;;;;;;;;;;;;
6790;"Key Star Locksmith";;;"2020-03-26 11:18:06";company;https://www.masterhand.pro/company/key-star-locksmith/;;;;;;;;default;"4;9";9958;"+1 516-487-0479";locksmithcarkeys@live.com;222;3946;10580;9959;"155a Northern Blvd; Great Neck; NY 11021; United States";http://keystarlocksmith.com/;;;publish;124;alexey_marat;lazkris135@gmail.com;alexey_marat;alexey_marat;key-star-locksmith;;default;0;0;0;open;open;"2020-03-26 11:18:06";;;;;;;;;;;;;;;;;;;;;;;;;;;;;;;;;;;;;;;;;;;;;;;;;;;;;;;;;;;;;;;;;;;;;;;;;;;;
6791;"Pop-A-Lock Locksmith of Westchester NY";;;"2020-03-26 11:18:06";company;https://www.masterhand.pro/company/pop-a-lock-locksmith-of-westchester-ny/;;;;;;;;default;"4;9";9958;"+1 914-251-9725";web@blackhawkdm.com;222;3946;10580;9959;"777 Westchester Ave #101b; White Plains; NY 10604; United States";http://www.popalock.com/franchise/westchester-ny/locksmith-home;;;publish;124;alexey_marat;lazkris135@gmail.com;alexey_marat;alexey_marat;pop-a-lock-locksmith-of-westchester-ny;;default;0;0;0;open;open;"2020-03-26 11:18:06";;;;;;;;;;;;;;;;;;;;;;;;;;;;;;;;;;;;;;;;;;;;;;;;;;;;;;;;;;;;;;;;;;;;;;;;;;;;
6792;"All Baychester Locksmiths";;;"2020-03-26 11:18:06";company;https://www.masterhand.pro/company/all-baychester-locksmiths/;;;;;;;;default;"4;3";9958;"+1 718-654-4441";baychesterlock@yahoo.com;222;3946;10580;9959;"3531 Boston Rd; The Bronx; NY 10469; United States";http://www.baychesterlocksmith.com/;;;publish;124;alexey_marat;lazkris135@gmail.com;alexey_marat;alexey_marat;all-baychester-locksmiths;;default;0;0;0;open;open;"2020-03-26 11:18:06";;;;;;;;;;;;;;;;;;;;;;;;;;;;;;;;;;;;;;;;;;;;;;;;;;;;;;;;;;;;;;;;;;;;;;;;;;;;
6793;"VIP Locksmith Services";;;"2020-03-26 11:18:06";company;https://www.masterhand.pro/company/vip-locksmith-services/;;;;;;;;default;"3;9";9958;"+1 800-398-9830";viplocks@mail.com;222;3946;10580;9959;;http://www.vip-locks.com/;;;publish;124;alexey_marat;lazkris135@gmail.com;alexey_marat;alexey_marat;vip-locksmith-services;;default;0;0;0;open;open;"2020-03-26 11:18:06";;;;;;;;;;;;;;;;;;;;;;;;;;;;;;;;;;;;;;;;;;;;;;;;;;;;;;;;;;;;;;;;;;;;;;;;;;;;
6794;"Pop-A-Lock Hudson County";;;"2020-03-26 11:18:06";company;https://www.masterhand.pro/company/pop-a-lock-hudson-county/;;;;;;;;default;"4;9";9958;"+1 201-492-6896";web@blackhawkdm.com;222;3946;10580;9959;"309 Park St; Montclair; NJ 07043; United States";http://www.popalock.com/franchise/hudson-county-nj/locksmith-home;;;publish;124;alexey_marat;lazkris135@gmail.com;alexey_marat;alexey_marat;pop-a-lock-hudson-county;;default;0;0;0;open;open;"2020-03-26 11:18:06";;;;;;;;;;;;;;;;;;;;;;;;;;;;;;;;;;;;;;;;;;;;;;;;;;;;;;;;;;;;;;;;;;;;;;;;;;;;
6795;"J. Stein Locksmith";;;"2020-03-26 11:18:06";company;https://www.masterhand.pro/company/j-stein-locksmith/;;;;;;;;default;"4;7";9958;"+1 718-523-5425";jsteinlock@aol.com;222;3946;10580;9959;"89-66 162nd St; Jamaica; NY 11432; United States";http://www.jsteinlock.com/;;;publish;124;alexey_marat;lazkris135@gmail.com;alexey_marat;alexey_marat;j-stein-locksmith;;default;0;0;0;open;open;"2020-03-26 11:18:06";;;;;;;;;;;;;;;;;;;;;;;;;;;;;;;;;;;;;;;;;;;;;;;;;;;;;;;;;;;;;;;;;;;;;;;;;;;;
6796;"All Day And Night Locksmith";;;"2020-03-26 11:18:06";company;https://www.masterhand.pro/company/all-day-and-night-locksmith/;;;;;;;;default;"3;6";9958;"+1 718-848-1100";247locksmithnyc@gmail.com;222;3946;10580;9959;"103-31 Woodhaven Blvd; Ozone Park; NY 11417; United States";http://www.alldayandnightlocksmith.com/;;;publish;124;alexey_marat;lazkris135@gmail.com;alexey_marat;alexey_marat;all-day-and-night-locksmith;;default;0;0;0;open;open;"2020-03-26 11:18:06";;;;;;;;;;;;;;;;;;;;;;;;;;;;;;;;;;;;;;;;;;;;;;;;;;;;;;;;;;;;;;;;;;;;;;;;;;;;
6797;"Pop-A-Lock Passaic County";;;"2020-03-26 11:18:06";company;https://www.masterhand.pro/company/pop-a-lock-passaic-county/;;;;;;;;default;"4;8";9958;"+1 973-937-7992";web@blackhawkdm.com;222;3946;10580;9959;;http://www.popalock.com/franchise/passaic-county-nj/locksmith-home;;;publish;124;alexey_marat;lazkris135@gmail.com;alexey_marat;alexey_marat;pop-a-lock-passaic-county;;default;0;0;0;open;open;"2020-03-26 11:18:06";;;;;;;;;;;;;;;;;;;;;;;;;;;;;;;;;;;;;;;;;;;;;;;;;;;;;;;;;;;;;;;;;;;;;;;;;;;;
6798;"All United Locksmith";;;"2020-03-26 11:18:09";company;https://www.masterhand.pro/company/all-united-locksmith/;;;;;;;;default;"4;7";9958;"+1 203-941-6329";allunitedlocks@gmail.com;222;3946;10580;9959;"1266 E Main St #700r; Stamford; CT 06902; United States";https://allunitedlocksmithct.com/#utm_source=google&utm_medium=organic&utm_campaign=gmb_stamford;;;publish;124;alexey_marat;lazkris135@gmail.com;alexey_marat;alexey_marat;all-united-locksmith;;default;0;0;0;open;open;"2020-03-26 11:18:09";;;;;;;;;;;;;;;;;;;;;;;;;;;;;;;;;;;;;;;;;;;;;;;;;;;;;;;;;;;;;;;;;;;;;;;;;;;;
6799;"Pop-A-Lock Union County";;;"2020-03-26 11:18:09";company;https://www.masterhand.pro/company/pop-a-lock-union-county/;;;;;;;;default;"4;8";9958;"+1 908-527-0122";web@blackhawkdm.com;222;3946;10580;9959;;http://www.popalock.com/franchise/union-county-nj/locksmith-home;;;publish;124;alexey_marat;lazkris135@gmail.com;alexey_marat;alexey_marat;pop-a-lock-union-county;;default;0;0;0;open;open;"2020-03-26 11:18:09";;;;;;;;;;;;;;;;;;;;;;;;;;;;;;;;;;;;;;;;;;;;;;;;;;;;;;;;;;;;;;;;;;;;;;;;;;;;
6800;"Pop-A-Lock Essex County";;;"2020-03-26 11:18:09";company;https://www.masterhand.pro/company/pop-a-lock-essex-county/;;;;;;;;default;"4;7";9958;"+1 973-797-9318";web@blackhawkdm.com;222;3914;7761;9960;;http://www.popalock.com/franchise/essex-county-nj/locksmith-home;;;publish;124;alexey_marat;lazkris135@gmail.com;alexey_marat;alexey_marat;pop-a-lock-essex-county;;default;0;0;0;open;open;"2020-03-26 11:18:09";;;;;;;;;;;;;;;;;;;;;;;;;;;;;;;;;;;;;;;;;;;;;;;;;;;;;;;;;;;;;;;;;;;;;;;;;;;;
6801;"Yankee's Locksmith";;;"2020-03-26 11:18:09";company;https://www.masterhand.pro/company/yankees-locksmith/;;;;;;;;default;"4;8";9958;"+1 718-431-8080";info@yankeeslocksmith.com;222;3914;7761;9960;"6400 Bay Pkwy; Brooklyn; NY 11204; United States";http://www.yankeeslocksmith.com/;;;publish;124;alexey_marat;lazkris135@gmail.com;alexey_marat;alexey_marat;yankees-locksmith;;default;0;0;0;open;open;"2020-03-26 11:18:09";;;;;;;;;;;;;;;;;;;;;;;;;;;;;;;;;;;;;;;;;;;;;;;;;;;;;;;;;;;;;;;;;;;;;;;;;;;;
7296;"Grig Pet Care";;;"2020-04-12 00:50:35";company;https://www.masterhand.pro/company/grig-pet-care/;;;;;;;;default;4.4;9971;"95 162 437479";grig@masterhand.pro;10;153;348;10132;"34 Amiryan St; Yerevan 0010; Armenia";http://www.hotelgrig.am;a:0:{};"Grig Pet Care";publish;4;admin_alex;am7667@gmail.com;;;grig-pet-care;;default;0;0;0;open;open;"2020-04-12 00:50:36";;;;;;;;;;;;;;;;;;;;;;;;;;;;;;;;;;;;;;;;;;;;;;;;;;;;;;;;;;;;;;;;;;;;;;;;;;;;
7321;"Fortuna Pet Care";;;"2020-04-12 00:50:35";company;https://www.masterhand.pro/company/fortuna-pet-care/;;;;;;;;default;5;9971;"374 10-270077";fortuna@masterhand.pro;10;153;348;10132;"87 Ghazar Parpetsi St; Yerevan; Armenia";http://fortunahome.am;a:0:{};"Fortuna Pet Care";publish;4;admin_alex;am7667@gmail.com;;;fortuna-pet-care;;default;0;0;0;open;open;"2020-04-12 00:50:36";;;;;;;;;;;;;;;;;;;;;;;;;;;;;;;;;;;;;;;;;;;;;;;;;;;;;;;;;;;;;;;;;;;;;;;;;;;;
7340;"Aram Movers";;;"2020-04-13 01:19:57";company;https://www.masterhand.pro/company/aram-movers/;;;;;;;;default;3.9;9968;"+374 3473039";"aram@masterhand.pro;prozz@masterhand.pro;m2@marat.ua";10;157;353;10080;"2 Gyulbenkyan St; Yerevan 0019; Armenia";http://www.armbose.com;a:0:{};"Aram Movers";publish;4;admin_alex;am7667@gmail.com;;;aram-movers;;default;0;0;0;open;open;"2020-04-13 01:19:57";;;;;;;;;;;;;;;;;;;;;;;;;;;;;;;;;;;;;;;;;;;;;;;;;;;;;;;;;;;;;;;;;;;;;;;;;;;;
7382;"Atlas Construction";;;"2020-04-17 19:10:41";company;https://www.masterhand.pro/company/atlas-construction/;;;;;;;;default;3.9;9965;"374 3473039";"atlas@masterhand.pro;proa@masterhand.pro;probb@masterhand.pro";1;11;14;9993;"2 Gyulbenkyan St; Lashkar Gah; Helmand; Afganistan";http://www.armbose.com;a:0:{};"Atlas Construction";publish;4;admin_alex;am7667@gmail.com;;;atlas-construction;;default;0;0;0;open;open;"2020-04-17 19:10:41";;;;;;;;;;;;;;;;;;;;;;;;;;;;;;;;;;;;;;;;;;;;;;;;;;;;;;;;;;;;;;;;;;;;;;;;;;;;
7383;"BigAg Builders";;;"2020-04-17 19:10:41";company;https://www.masterhand.pro/company/bigag-builders/;;;;;;;;default;5;9965;"471 8-619-414";bagram@masterhand.pro;1;11;14;9993;"16 Ghazar Parpetsi St; Lashkar Gah; Helmand; Afganistan";http://www.bshin.am;a:0:{};"BigAg Builders";publish;4;admin_alex;am7667@gmail.com;;;bigag-builders;;default;0;0;0;open;open;"2020-04-17 19:10:41";;;;;;;;;;;;;;;;;;;;;;;;;;;;;;;;;;;;;;;;;;;;;;;;;;;;;;;;;;;;;;;;;;;;;;;;;;;;
7384;"Clodd Fashion";;;"2020-04-17 19:10:41";company;https://www.masterhand.pro/company/clodd-fashion/;;;;;;;;default;4.7;9967;"45 929-273-07";conte@masterhand.pro;1;11;14;10045;"30 Marshal Baghramyan Ave; Lashkar Gah; Helmand; Afganistan";http://www.conte.am;a:0:{};"Clodd Fashion";publish;4;admin_alex;am7667@gmail.com;;;clodd-fashion;;default;0;0;0;open;open;"2020-04-17 19:10:41";;;;;;;;;;;;;;;;;;;;;;;;;;;;;;;;;;;;;;;;;;;;;;;;;;;;;;;;;;;;;;;;;;;;;;;;;;;;
7385;"Gloria Barbers";;;"2020-04-17 19:10:41";company;https://www.masterhand.pro/company/gloria-barbers/;;;;;;;;default;4.4;9967;"95 162 437479";grig@masterhand.pro;1;19;23;10040;"34 Amiryan St; Kondoz; Afganistan";http://www.hotelgrig.am;a:0:{};"Gloria Barbers";publish;4;admin_alex;am7667@gmail.com;;;gloria-barbers;;default;0;0;0;open;open;"2020-04-17 19:10:41";;;;;;;;;;;;;;;;;;;;;;;;;;;;;;;;;;;;;;;;;;;;;;;;;;;;;;;;;;;;;;;;;;;;;;;;;;;;
7386;"Fort River Landscape";;;"2020-04-17 19:10:41";company;https://www.masterhand.pro/company/fort-river-landscape/;;;;;;;;default;5;9970;"374 10-270077";fortuna@masterhand.pro;1;19;23;10114;"87 Ghazar Parpetsi St; Kondoz;Afganistan";http://fortunahome.am;a:0:{};"Fort River Landscape";publish;4;admin_alex;am7667@gmail.com;;;fort-river-landscape;;default;0;0;0;open;open;"2020-04-17 19:10:41";;;;;;;;;;;;;;;;;;;;;;;;;;;;;;;;;;;;;;;;;;;;;;;;;;;;;;;;;;;;;;;;;;;;;;;;;;;;
7809;"QQQ Drain Cleaners";;;"2020-05-11 22:03:54";company;"https://www.masterhand.pro/company/QQQ Drain Cleaners/";;;;;;;;default;3.1;9965;"067 718-619-8888";emtlocksmith@gmail.com;2;35;43;9985;"56 Three Pines street; Corovode; Albania";https://www.emtlocksmith.com/;a:0:{};"QQQ Drain Cleaners";publish;4;admin_alex;am7667@gmail.com;;;"QQQ Drain Cleaners";;default;0;0;0;open;open;"2020-05-11 22:03:54";;;;;;;;;;;;;;;;;;;;;;;;;;;;;;;;;;;;;;;;;;;;;;;;;;;;;;;;;;;;;;;;;;;;;;;;;;;;
14171;"Agostino Quality Carpentry";;;"2021-03-31 18:44:17";company;https://www.masterhand.pro/company/agostino-quality-carpentry/;;;;;;;;default;4.6;9970;"+1 206-533-1122";prox@masterhand.pro;1;11;14;10110;"2 Gyulbenkyan St; Lashkar Gah; Helmand; Afganistan";http://www.kaleidoscopeinc.net/;a:0:{};"Agostino Quality Carpentry";publish;4;admin_alex;am7667@gmail.com;;;agostino-quality-carpentry;;default;0;0;0;open;open;"2021-03-31 18:44:17";;;;;;;;;;;;;;;;;;;;;;;;;;;;;;;;;;;;;;;;;;;;;;;;;;;;;;;;;;;;;;;;;;;;;;;;;;;;
14172;"Oriens Living";;;"2021-03-31 18:44:17";company;https://www.masterhand.pro/company/oriens-living/;;;;;;;;default;4.3;9970;"+1 206-543-8800";projj@masterhand.pro;1;11;14;10110;"16 Ghazar Parpetsi St; Lashkar Gah; Helmand; Afganistan";https://botanicgardens.uw.edu/washington-park-arboretum/;a:0:{};"Oriens Living";publish;4;admin_alex;am7667@gmail.com;;;oriens-living;;default;0;0;0;open;open;"2021-03-31 18:44:17";;;;;;;;;;;;;;;;;;;;;;;;;;;;;;;;;;;;;;;;;;;;;;;;;;;;;;;;;;;;;;;;;;;;;;;;;;;;
14173;"Kabul City District Council";;;"2021-03-31 18:44:17";company;https://www.masterhand.pro/company/kabul-city-district-council/;;;;;;;;default;4.3;9970;;proz@masterhand.pro;1;11;14;10110;"30 Marshal Baghramyan Ave; Lashkar Gah; Helmand; Afganistan";https://marymoorgarden.org/;a:0:{};"Kabul City District Council";publish;4;admin_alex;am7667@gmail.com;;;kabul-city-district-council;;default;0;0;0;open;open;"2021-03-31 18:44:17";;;;;;;;;;;;;;;;;;;;;;;;;;;;;;;;;;;;;;;;;;;;;;;;;;;;;;;;;;;;;;;;;;;;;;;;;;;;
14174;"Kabul District Council-Carpenters";;;"2021-03-31 18:44:17";company;https://www.masterhand.pro/company/kabul-district-council-carpenters/;;;;;;;;default;;9970;"+1 206-226-3590";prodq@masterhand.pro;1;11;14;10110;"34 Amiryan St; Kondoz; Afganistan";http://blueberryseniorcare.com/;a:0:{};"Kabul District Council-Carpenters";publish;4;admin_alex;am7667@gmail.com;;;kabul-district-council-carpenters;;default;0;0;0;open;open;"2021-03-31 18:44:17";;;;;;;;;;;;;;;;;;;;;;;;;;;;;;;;;;;;;;;;;;;;;;;;;;;;;;;;;;;;;;;;;;;;;;;;;;;;
14175;"Kabul Labor Technical College";;;"2021-03-31 18:44:17";company;https://www.masterhand.pro/company/kabul-labor-technical-college/;;;;;;;;default;4.3;9970;"+1 206-498-8785";prodd@masterhand.pro;1;11;14;10110;"87 Ghazar Parpetsi St; Kondoz;Afganistan";https://hg-organics.com/;a:0:{};"Kabul Labor Technical College";publish;4;admin_alex;am7667@gmail.com;;;kabul-labor-technical-college;;default;0;0;0;open;open;"2021-03-31 18:44:17";;;;;;;;;;;;;;;;;;;;;;;;;;;;;;;;;;;;;;;;;;;;;;;;;;;;;;;;;;;;;;;;;;;;;;;;;;;;
14176;"Dimensions Reiki LLC";;;"2021-03-31 18:44:17";company;https://www.masterhand.pro/company/dimensions-reiki-llc/;;;;;;;;default;5;9970;"+1 425-739-8279";prok@masterhand.pro;1;11;14;10110;"3 Gyulbenkyan St; Lashkar Gah; Helmand; Afganistan";https://www.lwtech.edu/academics/environmental-horticulture/;a:0:{};"Dimensions Reiki LLC";publish;4;admin_alex;am7667@gmail.com;;;dimensions-reiki-llc;;default;0;0;0;open;open;"2021-03-31 18:44:17";;;;;;;;;;;;;;;;;;;;;;;;;;;;;;;;;;;;;;;;;;;;;;;;;;;;;;;;;;;;;;;;;;;;;;;;;;;;
14177;"Kabul Design + Build";;;"2021-03-31 18:44:17";company;https://www.masterhand.pro/company/kabul-design-build/;;;;;;;;default;4.7;9970;"+1 206-595-2793";prox@masterhand.pro;1;11;14;10110;"17 Ghazar Parpetsi St; Lashkar Gah; Helmand; Afganistan";http://www.zookandolesongardening.com/;a:0:{};"Kabul Design + Build";publish;4;admin_alex;am7667@gmail.com;;;kabul-design-build;;default;0;0;0;open;open;"2021-03-31 18:44:17";;;;;;;;;;;;;;;;;;;;;;;;;;;;;;;;;;;;;;;;;;;;;;;;;;;;;;;;;;;;;;;;;;;;;;;;;;;;
14178;"Ahmed the Builder";;;"2021-03-31 18:44:17";company;https://www.masterhand.pro/company/ahmed-the-builder/;;;;;;;;default;5;9970;"+1 425-823-0410";projj@masterhand.pro;1;11;14;10110;"31 Marshal Baghramyan Ave; Lashkar Gah; Helmand; Afganistan";http://gardensatjuanitabay.com/;a:0:{};"Ahmed the Builder";publish;4;admin_alex;am7667@gmail.com;;;ahmed-the-builder;;default;0;0;0;open;open;"2021-03-31 18:44:17";;;;;;;;;;;;;;;;;;;;;;;;;;;;;;;;;;;;;;;;;;;;;;;;;;;;;;;;;;;;;;;;;;;;;;;;;;;;
14179;"Mazari Carpenter Contractor";;;"2021-03-31 18:44:17";company;https://www.masterhand.pro/company/mazari-carpenter-contractor/;;;;;;;;default;4;9970;"+1 206-294-3953";proz@masterhand.pro;1;11;14;10110;"35 Amiryan St; Kondoz; Afganistan";https://columbia-garden-at-rainier-court.business.site/?utm_source=gmb&utm_medium=referral;a:0:{};"Mazari Carpenter Contractor";publish;4;admin_alex;am7667@gmail.com;;;mazari-carpenter-contractor;;default;0;0;0;open;open;"2021-03-31 18:44:17";;;;;;;;;;;;;;;;;;;;;;;;;;;;;;;;;;;;;;;;;;;;;;;;;;;;;;;;;;;;;;;;;;;;;;;;;;;;
14180;"Complete Carpentry";;;"2021-03-31 18:44:17";company;https://www.masterhand.pro/company/complete-carpentry/;;;;;;;;default;3.9;9970;"+1 425-644-6427";prodq@masterhand.pro;1;11;14;10110;"88 Ghazar Parpetsi St; Kondoz;Afganistan";http://www.berkeysupply.com/;a:0:{};"Complete Carpentry";publish;4;admin_alex;am7667@gmail.com;;;complete-carpentry;;default;0;0;0;open;open;"2021-03-31 18:44:17";;;;;;;;;;;;;;;;;;;;;;;;;;;;;;;;;;;;;;;;;;;;;;;;;;;;;;;;;;;;;;;;;;;;;;;;;;;;
14181;"Heights Carpenters Shop Inc";;;"2021-03-31 18:44:17";company;https://www.masterhand.pro/company/heights-carpenters-shop-inc/;;;;;;;;default;4.2;9970;"+1 206-842-8959";prodd@masterhand.pro;1;11;14;10110;"4 Gyulbenkyan St; Lashkar Gah; Helmand; Afganistan";http://hollylanegardens.com/;a:0:{};"Heights Carpenters Shop Inc";publish;4;admin_alex;am7667@gmail.com;;;heights-carpenters-shop-inc;;default;0;0;0;open;open;"2021-03-31 18:44:17";;;;;;;;;;;;;;;;;;;;;;;;;;;;;;;;;;;;;;;;;;;;;;;;;;;;;;;;;;;;;;;;;;;;;;;;;;;;
14182;"The Carpenters Touch";;;"2021-03-31 18:44:17";company;https://www.masterhand.pro/company/the-carpenters-touch/;;;;;;;;default;4.9;9970;"+1 206-729-0399";prok@masterhand.pro;1;11;14;10110;"18 Ghazar Parpetsi St; Lashkar Gah; Helmand; Afganistan";http://www.tccbgg.com/;a:0:{};"The Carpenters Touch";publish;4;admin_alex;am7667@gmail.com;;;the-carpenters-touch;;default;0;0;0;open;open;"2021-03-31 18:44:17";;;;;;;;;;;;;;;;;;;;;;;;;;;;;;;;;;;;;;;;;;;;;;;;;;;;;;;;;;;;;;;;;;;;;;;;;;;;
14183;"Karen Carpenter";;;"2021-03-31 18:44:17";company;https://www.masterhand.pro/company/karen-carpenter/;;;;;;;;default;5;9970;"+1 206-543-0415";prox@masterhand.pro;1;11;14;10110;"32 Marshal Baghramyan Ave; Lashkar Gah; Helmand; Afganistan";https://depts.washington.edu/hortlib;a:0:{};"Karen Carpenter";publish;4;admin_alex;am7667@gmail.com;;;karen-carpenter;;default;0;0;0;open;open;"2021-03-31 18:44:17";;;;;;;;;;;;;;;;;;;;;;;;;;;;;;;;;;;;;;;;;;;;;;;;;;;;;;;;;;;;;;;;;;;;;;;;;;;;
14184;"Burns Brothers";;;"2021-03-31 18:44:17";company;https://www.masterhand.pro/company/burns-brothers/;;;;;;;;default;5;9970;"+1 206-226-3590";projj@masterhand.pro;1;11;14;10110;"36 Amiryan St; Kondoz; Afganistan";http://blueberryseniorcare.com/;a:0:{};"Burns Brothers";publish;4;admin_alex;am7667@gmail.com;;;burns-brothers;;default;0;0;0;open;open;"2021-03-31 18:44:17";;;;;;;;;;;;;;;;;;;;;;;;;;;;;;;;;;;;;;;;;;;;;;;;;;;;;;;;;;;;;;;;;;;;;;;;;;;;
14185;"Herat Carpenter + Mason";;;"2021-03-31 18:44:17";company;https://www.masterhand.pro/company/herat-carpenter-mason/;;;;;;;;default;4.1;9970;"+1 206-543-8616";proz@masterhand.pro;1;19;23;10110;"89 Ghazar Parpetsi St; Kondoz;Afganistan";https://botanicgardens.uw.edu/washington-park-arboretum/gardens/pacific-connections-garden/;a:0:{};"Herat Carpenter + Mason";publish;4;admin_alex;am7667@gmail.com;;;herat-carpenter-mason;;default;0;0;0;open;open;"2021-03-31 18:44:17";;;;;;;;;;;;;;;;;;;;;;;;;;;;;;;;;;;;;;;;;;;;;;;;;;;;;;;;;;;;;;;;;;;;;;;;;;;;
14186;"Cardone Custom Builders";;;"2021-03-31 18:44:17";company;https://www.masterhand.pro/company/cardone-custom-builders/;;;;;;;;default;4;9970;"+1 425-452-2750";prodq@masterhand.pro;1;19;23;10110;"5 Gyulbenkyan St; Lashkar Gah; Helmand; Afganistan";https://bellevuebotanical.org/;a:0:{};"Cardone Custom Builders";publish;4;admin_alex;am7667@gmail.com;;;cardone-custom-builders;;default;0;0;0;open;open;"2021-03-31 18:44:17";;;;;;;;;;;;;;;;;;;;;;;;;;;;;;;;;;;;;;;;;;;;;;;;;;;;;;;;;;;;;;;;;;;;;;;;;;;;
14187;"Innovative Carpentry";;;"2021-03-31 18:44:17";company;https://www.masterhand.pro/company/innovative-carpentry/;;;;;;;;default;2.9;9970;"+1 206-463-0031";prodd@masterhand.pro;1;19;23;10110;"19 Ghazar Parpetsi St; Lashkar Gah; Helmand; Afganistan";http://mukaifarmandgarden.org/;a:0:{};"Innovative Carpentry";publish;4;admin_alex;am7667@gmail.com;;;innovative-carpentry;;default;0;0;0;open;open;"2021-03-31 18:44:17";;;;;;;;;;;;;;;;;;;;;;;;;;;;;;;;;;;;;;;;;;;;;;;;;;;;;;;;;;;;;;;;;;;;;;;;;;;;
14188;"Kabul APPLE BOXES";;;"2021-03-31 18:44:17";company;https://www.masterhand.pro/company/kabul-apple-boxes/;;;;;;;;default;3.5;9970;"+1 425-455-8590";prok@masterhand.pro;1;19;23;10111;"33 Marshal Baghramyan Ave; Lashkar Gah; Helmand; Afganistan";https://www.maxcleanpnw.com/;a:0:{};"Kabul APPLE BOXES";publish;4;admin_alex;am7667@gmail.com;;;kabul-apple-boxes;;default;0;0;0;open;open;"2021-03-31 18:44:17";;;;;;;;;;;;;;;;;;;;;;;;;;;;;;;;;;;;;;;;;;;;;;;;;;;;;;;;;;;;;;;;;;;;;;;;;;;;
14189;"Tico's Carpentry Co";;;"2021-03-31 18:44:17";company;https://www.masterhand.pro/company/ticos-carpentry-co/;;;;;;;;default;5;9970;"+1 425-776-0884";prox@masterhand.pro;1;19;23;10111;"37 Amiryan St; Kondoz; Afganistan";http://www.gutterking.com/;a:0:{};"Tico's Carpentry Co";publish;4;admin_alex;am7667@gmail.com;;;ticos-carpentry-co;;default;0;0;0;open;open;"2021-03-31 18:44:17";;;;;;;;;;;;;;;;;;;;;;;;;;;;;;;;;;;;;;;;;;;;;;;;;;;;;;;;;;;;;;;;;;;;;;;;;;;;
14190;Jacobgreg;;;"2021-03-31 18:44:17";company;https://www.masterhand.pro/company/jacobgreg/;;;;;;;;default;3.2;9970;"+1 206-898-8408";projj@masterhand.pro;1;19;23;10111;"90 Ghazar Parpetsi St; Kondoz;Afganistan";https://amigogutters.com/;a:0:{};Jacobgreg;publish;4;admin_alex;am7667@gmail.com;;;jacobgreg;;default;0;0;0;open;open;"2021-03-31 18:44:17";;;;;;;;;;;;;;;;;;;;;;;;;;;;;;;;;;;;;;;;;;;;;;;;;;;;;;;;;;;;;;;;;;;;;;;;;;;;
14191;"Peshawar Design and Construction";;;"2021-03-31 18:44:24";company;https://www.masterhand.pro/company/peshawar-design-and-construction/;;;;;;;;default;5;9970;"+1 206-898-8408";proz@masterhand.pro;1;19;23;10111;"6 Gyulbenkyan St; Lashkar Gah; Helmand; Afganistan";https://www.amigogutters.com/;a:0:{};"Peshawar Design and Construction";publish;4;admin_alex;am7667@gmail.com;;;peshawar-design-and-construction;;default;0;0;0;open;open;"2021-03-31 18:44:24";;;;;;;;;;;;;;;;;;;;;;;;;;;;;;;;;;;;;;;;;;;;;;;;;;;;;;;;;;;;;;;;;;;;;;;;;;;;
14192;"Laiki Home Remodeling";;;"2021-03-31 18:44:24";company;https://www.masterhand.pro/company/laiki-home-remodeling/;;;;;;;;default;5;9970;"+1 425-449-6622";prodq@masterhand.pro;1;19;23;10111;"20 Ghazar Parpetsi St; Lashkar Gah; Helmand; Afganistan";https://www.highpointgutter.com/;a:0:{};"Laiki Home Remodeling";publish;4;admin_alex;am7667@gmail.com;;;laiki-home-remodeling;;default;0;0;0;open;open;"2021-03-31 18:44:24";;;;;;;;;;;;;;;;;;;;;;;;;;;;;;;;;;;;;;;;;;;;;;;;;;;;;;;;;;;;;;;;;;;;;;;;;;;;
14193;"K & R Master Carpentry";;;"2021-03-31 18:44:24";company;https://www.masterhand.pro/company/k-r-master-carpentry/;;;;;;;;default;5;9970;"+1 206-629-6118";prodd@masterhand.pro;1;19;23;10111;"34 Marshal Baghramyan Ave; Lashkar Gah; Helmand; Afganistan";https://www.glassmasterswindowcleaning.com/;a:0:{};"K & R Master Carpentry";publish;4;admin_alex;am7667@gmail.com;;;k-r-master-carpentry;;default;0;0;0;open;open;"2021-03-31 18:44:24";;;;;;;;;;;;;;;;;;;;;;;;;;;;;;;;;;;;;;;;;;;;;;;;;;;;;;;;;;;;;;;;;;;;;;;;;;;;
14194;"Sunny Woodwork; Inc.";;;"2021-03-31 18:44:24";company;https://www.masterhand.pro/company/sunny-woodwork-inc/;;;;;;;;default;5;9970;"+1 206-842-7575";prok@masterhand.pro;1;19;23;10111;"38 Amiryan St; Kondoz; Afganistan";https://www.kitsapgutters.com/;a:0:{};"Sunny Woodwork; Inc.";publish;4;admin_alex;am7667@gmail.com;;;sunny-woodwork-inc;;default;0;0;0;open;open;"2021-03-31 18:44:24";;;;;;;;;;;;;;;;;;;;;;;;;;;;;;;;;;;;;;;;;;;;;;;;;;;;;;;;;;;;;;;;;;;;;;;;;;;;
14200;"Queens Auto Locksmith";;;"2021-03-31 19:25:00";company;https://www.masterhand.pro/company/queens-auto-locksmith/;;;;;;;;default;3.9;9959;"+1 347-774-3039";queensautolock@gmail.com;222;3946;10580;;"42-40 Bell Blvd #226; Bayside; NY 11361; United States";http://queensautolocksmith.com/;a:0:{};"Queens Auto Locksmith";publish;4;admin_alex;am7667@gmail.com;;;queens-auto-locksmith;;default;0;0;0;open;open;"2021-03-31 19:25:00";;;;;;;;;;;;;;;;;;;;;;;;;;;;;;;;;;;;;;;;;;;;;;;;;;;;;;;;;;;;;;;;;;;;;;;;;;;;
14201;"EMT Locks - Auto Locksmith";;;"2021-03-31 19:25:00";company;https://www.masterhand.pro/company/emt-locks-auto-locksmith/;;;;;;;;default;5;9959;"+1 718-619-4147";emtlocksmith@gmail.com;222;3946;10580;;;https://www.emtlocksmith.com/;a:0:{};"EMT Locks - Auto Locksmith";publish;4;admin_alex;am7667@gmail.com;;;emt-locks-auto-locksmith;;default;0;0;0;open;open;"2021-03-31 19:25:00";;;;;;;;;;;;;;;;;;;;;;;;;;;;;;;;;;;;;;;;;;;;;;;;;;;;;;;;;;;;;;;;;;;;;;;;;;;;
14202;"ABC Door Repair";;;"2021-03-31 19:25:00";company;https://www.masterhand.pro/company/abc-door-repair-2/;;;;;;;;default;4.5;9959;1-679-273-799;masterhand.pro@gmail.com;222;3946;10580;;"35 Portland street; New York; United States";;a:0:{};"ABC Door Repair";publish;4;admin_alex;am7667@gmail.com;;;abc-door-repair-2;;default;0;0;0;open;open;"2021-03-31 19:25:00";;;;;;;;;;;;;;;;;;;;;;;;;;;;;;;;;;;;;;;;;;;;;;;;;;;;;;;;;;;;;;;;;;;;;;;;;;;;
