Name;Rating;Category;Tags;Category ID;Subcategory ID;Address;Code+Region;Site;Phone;Email;Country;Region;City;GEO Country ID;GEO Region ID;GEO City ID
Queens Auto Locksmith;3,9;Auto Locksmith;Locksmith;9958;9959;42-40 Bell Blvd #226, Bayside, NY 11361, United States;Q66H+JR Bayside, Queens, NY, United States;http://queensautolocksmith.com/;+1 347-774-3039;queensautolock@gmail.com;Canada;Alberta;Athabasca;37;498;1442
EMT Locks - Auto Locksmith;5;Auto Locksmith;Locksmith|Key duplication service|Emergency locksmith service;9958;9959;;;https://www.emtlocksmith.com/;+1 718-619-4147;emtlocksmith@gmail.com;Canada;Alberta;Banff;37;498;1435
Brooklyn Auto Locksmith;;Auto Locksmith;Locksmith;9958;9959;;;http://brooklynautolocksmith.com/;+1 929-273-0799;autolocksmithbrooklyn@gmail.com;United States;New York;New York;222;3946;10580
Car Key King;4,4;Auto Locksmith;Locksmith|Emergency locksmith service;9958;9959;11 Sheer Plaza #2, Plainview, NY 11803, United States;QGMW+7J Plainview, Oyster Bay, NY, United States;http://www.carkeyking.com/;+1 516-243-7479;info@carkeyking.com;United States;New York;New York;222;3946;10580
PAYLESS CAR KEYS CORP.;5;Auto Locksmith;Locksmith|Hardware store|Key duplication service;9958;9959;2035 Victory Blvd, Staten Island, NY 10314, United States;JV79+3F Staten Island, New York, United States;http://paylesscarkeys.com/;+1 718-907-3000;sales@paylesscarkeys.com;United States;New York;New York;222;3946;10580
Car Keys New York;4,9;Auto Locksmith;Emergency locksmith service|Locksmith|Service establishment;9958;9959;;;http://www.carkeysny.com/;+1 917-475-0707;keys@carkeysny.com;United States;New York;New York;222;3946;10580
Mr. Locks Locksmith & Security;4,7;Auto Locksmith;Locksmith|Safe & vault shop|Key duplication service|Emergency locksmith service;9958;9959;400 2nd Ave, New York, NY 10010, United States;P2QC+42 New York, United States;http://www.mr-locks.com/;+1 212-586-3234;info@mr-locks.com;United States;New York;New York;222;3946;10580
System Addicts;4,6;Auto Locksmith;Car alarm supplier|Locksmith|Car stereo store|Electrical repair shop|Window tinting service|Key duplication service;9958;9959;727 Lyons Ave, Irvington, NJ 07111, United States;PQC9+P2 Irvington, New Jersey, United States;http://www.systemaddicts.com/;+1 973-399-8080;info@systemaddicts.com;United States;New York;New York;222;3946;10580
Locksmith Queens mobi;4,9;Auto Locksmith;Locksmith;9958;9959;;;http://www.locksmithqueens.mobi/;+1 718-404-4145;locksmithqueens.mobi@gmail.com;United States;New York;New York;222;3946;10580
Armor Locksmith & Security;4,6;Auto Locksmith;Locksmith;9958;9959;65-02 164th St, Fresh Meadows, NY 11365, United States;P5PV+MX Fresh Meadows, Queens, NY, United States;http://armorlocksmithny.com/;+1 718-445-9200;armorlocksmithny@gmail.com;United States;New York;New York;222;3946;10580
Artie's Locksmith NYC;4,7;Auto Locksmith;Locksmith|Locks supplier|Key duplication service|Emergency locksmith service;9958;9959;223 W 14th St, New York, NY 10011, United States;PXQX+MQ New York, United States;https://www.locksmithnyc.com/;+1 212-243-0381;info@locksmithnyc.com;United States;New York;New York;222;3946;10580
Keyworld Locksmith;4,2;Auto Locksmith;Locksmith;9958;9959;574 1st Ave, Elizabethport, NJ 07206, United States;MQ4X+8G Elizabethport, Elizabeth, NJ, United States;http://www.keyworldlocksmith.com/;+1 908-527-9696;fernando@keyworldlocksmith.com;United States;New York;New York;222;3946;10580
Key Star Locksmith;4,9;Auto Locksmith;Locksmith|Locks supplier|Safe & vault shop|Key duplication service|Emergency locksmith service;9958;9959;155a Northern Blvd, Great Neck, NY 11021, United States;Q7G9+7V Great Neck, North Hempstead, NY, United States;http://keystarlocksmith.com/;+1 516-487-0479;locksmithcarkeys@live.com;United States;New York;New York;222;3946;10580
Pop-A-Lock Locksmith of Westchester NY;4,9;Auto Locksmith;Locksmith|Key duplication service;9958;9959;777 Westchester Ave #101b, White Plains, NY 10604, United States;27F9+69 White Plains, New York, United States;http://www.popalock.com/franchise/westchester-ny/locksmith-home;+1 914-251-9725;web@blackhawkdm.com;United States;New York;New York;222;3946;10580
All Baychester Locksmiths;4,3;Auto Locksmith;Locksmith|Safe & vault shop;9958;9959;3531 Boston Rd, The Bronx, NY 10469, United States;V5H3+3R New York, United States;http://www.baychesterlocksmith.com/;+1 718-654-4441;baychesterlock@yahoo.com;United States;New York;New York;222;3946;10580
VIP Locksmith Services;3,9;Auto Locksmith;Locksmith;9958;9959;;;http://www.vip-locks.com/;+1 800-398-9830;viplocks@mail.com;United States;New York;New York;222;3946;10580
Pop-A-Lock Hudson County;4,9;Auto Locksmith;Locksmith|Key duplication service;9958;9959;309 Park St, Montclair, NJ 07043, United States;RQMW+RH Montclair, New Jersey, United States;http://www.popalock.com/franchise/hudson-county-nj/locksmith-home;+1 201-492-6896;web@blackhawkdm.com;United States;New York;New York;222;3946;10580
J. Stein Locksmith;4,7;Auto Locksmith;Locksmith|Locks supplier|Security system installer|Emergency locksmith service;9958;9959;89-66 162nd St, Jamaica, NY 11432, United States;P632+XM Jamaica, Queens, NY, United States;http://www.jsteinlock.com/;+1 718-523-5425;jsteinlock@aol.com;United States;New York;New York;222;3946;10580
All Day And Night Locksmith;3,6;Auto Locksmith;Locksmith|Emergency locksmith service;9958;9959;103-31 Woodhaven Blvd, Ozone Park, NY 11417, United States;M5J4+J7 Ozone Park, Queens, NY, United States;http://www.alldayandnightlocksmith.com/;+1 718-848-1100;247locksmithnyc@gmail.com;United States;New York;New York;222;3946;10580
Pop-A-Lock Passaic County;4,8;Auto Locksmith;Locksmith|Key duplication service;9958;9959;;;http://www.popalock.com/franchise/passaic-county-nj/locksmith-home;+1 973-937-7992;web@blackhawkdm.com;United States;New York;New York;222;3946;10580
All United Locksmith;4,7;Auto Locksmith;Locksmith|Locks supplier|Emergency locksmith service;9958;9959;1266 E Main St #700r, Stamford, CT 06902, United States;3F6R+44 Stamford, Connecticut, United States;https://allunitedlocksmithct.com/#utm_source=google&utm_medium=organic&utm_campaign=gmb_stamford;+1 203-941-6329;allunitedlocks@gmail.com;United States;New York;New York;222;3946;10580
Pop-A-Lock Union County;4,8;Auto Locksmith;Locksmith|Key duplication service;9958;9959;;;http://www.popalock.com/franchise/union-county-nj/locksmith-home;+1 908-527-0122;web@blackhawkdm.com;United States;New York;New York;222;3946;10580
Pop-A-Lock Essex County;4,7;Auto Repair Services;Locksmith|Key duplication service;9958;9960;;;http://www.popalock.com/franchise/essex-county-nj/locksmith-home;+1 973-797-9318;web@blackhawkdm.com;United States;Alabama;Alabaster;222;3914;7761
Yankee's Locksmith;4,8;Auto Repair Services;Locksmith;9958;9960;6400 Bay Pkwy, Brooklyn, NY 11204, United States;J279+QH Brooklyn, New York, United States;http://www.yankeeslocksmith.com/;+1 718-431-8080;info@yankeeslocksmith.com;United States;Alabama;Alabaster;222;3914;7761
